parameter,minimum,maximum,mean,standard_deviation,coefficient_of_variation,p05,median,p95,lower_bound_count,upper_bound_count,out_of_range_count
Cs,2.8782408032819555,5.9356447977200855,4.577751317768762,0.5551064401908221,0.1212618164809761,3.686380001098883,4.552018797364379,5.525295974118043,0,0,0
D28,2.8909664583477897e-12,4.93993855085681e-12,3.9686950359100226e-12,4.055602211915867e-13,0.10218981743922072,3.3117854819868555e-12,3.959030869213164e-12,4.6540525605829066e-12,0,0,0
m_aging,0.20241483093396784,0.460676683483205,0.3027302141817819,0.04801476838815836,0.15860580192807147,0.2273948338245436,0.30121560239209316,0.3851057421689168,0,0,0
cover_mm,40.01730089431416,109.98785715697791,75.56109385496585,20.17160847755492,0.266957602761454,44.708832543817586,76.19658202933334,106.2082807183218,0,0,0
C_th,0.6003963218517856,1.08071544266847,0.7535061997879624,0.08258561973363028,0.10960177866734205,0.6314715726837096,0.7451839515436569,0.9036546042645657,0,0,0
