parameter,distribution,lower_bound,upper_bound,target_mean,target_std,sample_min,sample_max,sample_mean,sample_std,sample_p01,sample_p50,sample_p99
Cs,truncated_lognormal,2.0,6.0,4.6,0.6,2.857677292264524,5.997508529917212,4.570020546988684,0.5596799771994163,3.3652170385831894,4.5485500819241285,5.852895745782931
D28,truncated_lognormal,1e-12,5e-12,4e-12,4.5e-13,2.5883942328072073e-12,4.996426166415862e-12,3.9747300869524945e-12,4.177832983603629e-13,3.056714191169596e-12,3.963593658168737e-12,4.907905559278052e-12
m_aging,truncated_normal,0.2,0.6,0.3,0.05,0.20037633103482339,0.49795657709234714,0.30276675068882575,0.04709426741833256,0.20780552093235244,0.301406532238979,0.4171863739460138
cover_mm,uniform,40.0,110.0,,,40.018499372527,109.9842478428036,74.99999996740371,20.207964232291786,40.683738281950355,74.99811701010913,109.312500692904
Ccrit,truncated_lognormal,0.6,1.2,0.75,0.09,0.6000700858614013,1.1529233625023718,0.7565035552218927,0.08473182989752966,0.6080374346112963,0.7486159768384335,0.9849101858664319
