parameter,minimum,maximum,mean,standard_deviation,p05,median,p95,near_lower_2pct,near_upper_2pct
Cs,2.786207240385438,5.992224959424634,4.483747182221899,0.5638022725007661,3.5880128016649393,4.451301320660356,5.474295480360602,0.0,0.005
D28,2.59719316245194e-12,4.999129163472702e-12,3.770310828313228e-12,4.557735589668338e-13,3.0440596912092985e-12,3.750607835492524e-12,4.553992485919889e-12,0.0,0.005
m_aging,0.20124637792468617,0.49674435183152554,0.3225330472009498,0.05333149926960563,0.23739928666417132,0.32115798639790094,0.41361631638580854,0.004,0.0
cover_mm,40.01730089431416,109.98785715697791,75.56109385496585,20.17160847755492,44.708832543817586,76.19658202933334,106.2082807183218,0.02,0.02
C_th,0.6017806353438655,1.1917276299420936,0.8014025889498916,0.09878339745688205,0.6562459496531348,0.7916316512635246,0.9800363129255675,0.007,0.001
